Invoice ID;Branch;City;Customer id;Customer type;Gender;Product line;Unit price;Quantity;Tax 5%;Total;Date;Time;Payment;cogs;gross margin percentage;gross income;Rating
692-92-5582;B;Abuja;33;Member;Female;Food and beverages;19742.4;3;2961.36;62188.55999999999;02/06/19;13:27;Card;59227.200000000004;4.7619047619999995;2961.36;5.9
351-62-0822;B;Abuja;34;Member;Female;Fashion accessories;5212.8;4;1042.5600000000002;21893.760000000002;02/06/19;18:07;Epay;20851.2;4.7619047619999995;1042.5600000000002;4.5
529-56-3974;B;Abuja;35;Member;Male;Electronic accessories;9183.6;4;1836.72;38571.12;03/09/19;17:03;Cash;36734.4;4.7619047619999995;1836.72;6.8
299-46-1805;B;Abuja;36;Member;Female;Sports and travel;33739.2;6;10121.76;212556.96000000002;03/09/19;16:19;Cash;202435.2;4.7619047619999995;10121.76;4.5
319-50-3348;B;Abuja;37;Normal;Female;Home and lifestyle;14507.999999999998;2;1450.8000000000002;30466.8;03/11/19;15:30;Epay;29015.999999999996;4.7619047619999995;1450.8000000000002;4.4
371-85-5789;B;Abuja;38;Normal;Male;Health and beauty;31672.800000000003;3;4750.92;99769.32;03/05/19;10:40;Epay;95018.4;4.7619047619999995;4750.92;5.1
273-16-6619;B;Abuja;39;Normal;Male;Home and lifestyle;11952.000000000002;2;1195.2;25099.2;03/05/19;12:20;Card;23904.000000000004;4.7619047619999995;1195.2;4.4
649-29-6775;B;Abuja;40;Normal;Male;Fashion accessories;12067.2;1;603.36;12670.56;02/08/19;15:31;Cash;12067.2;4.7619047619999995;603.36;6.7
145-94-9061;B;Abuja;41;Normal;Female;Food and beverages;31809.6;5;7952.4;167000.4;03/05/19;19:48;Cash;159048.0;4.7619047619999995;7952.4;9.6
871-79-8483;B;Abuja;42;Normal;Male;Fashion accessories;33886.799999999996;5;8471.699999999999;177905.7;03/05/19;19:39;Card;169434.0;4.7619047619999995;8471.699999999999;4.8
149-71-6266;B;Abuja;43;Member;Male;Sports and travel;28105.199999999997;9;12647.34;265594.13999999996;03/05/19;12:43;Cash;252946.8;4.7619047619999995;12647.34;4.5
640-49-2076;B;Abuja;44;Normal;Male;Sports and travel;30160.8;8;12064.32;253350.71999999997;01/10/19;14:49;Cash;241286.4;4.7619047619999995;12064.32;5.1
777-82-7220;B;Abuja;45;Member;Male;Home and lifestyle;10843.2;8;4337.28;91082.87999999999;03/03/19;13:01;Cash;86745.6;4.7619047619999995;4337.28;7.7
280-35-5823;B;Abuja;46;Member;Female;Home and lifestyle;31219.2;1;1560.96;32780.159999999996;03/03/19;18:45;Epay;31219.2;4.7619047619999995;1560.96;7.9
354-25-5821;B;Abuja;47;Member;Female;Sports and travel;24883.2;6;7464.96;156764.15999999997;02/08/19;13:03;Cash;149299.2;4.7619047619999995;7464.96;5.6
132-32-9879;B;Abuja;48;Member;Female;Electronic accessories;33825.6;4;6765.120000000001;142067.52;03/09/19;18:00;Cash;135302.4;4.7619047619999995;6765.120000000001;9.5
370-41-7321;B;Abuja;49;Member;Male;Health and beauty;20408.399999999998;9;9183.78;192859.38;03/03/19;17:24;Card;183675.6;4.7619047619999995;9183.78;8.4
727-46-3608;B;Abuja;50;Member;Female;Food and beverages;7203.6;9;3241.62;68074.02;02/06/19;15:47;Epay;64832.4;4.7619047619999995;3241.62;4.1
669-54-1719;B;Abuja;51;Member;Male;Electronic accessories;6814.8;6;2044.4399999999998;42933.24;02/10/19;12:45;Card;40888.8;4.7619047619999995;2044.4399999999998;8.1
616-24-2851;B;Abuja;52;Member;Female;Fashion accessories;6433.200000000001;4;1286.6399999999999;27019.440000000002;03/03/19;14:42;Epay;25732.800000000003;4.7619047619999995;1286.6399999999999;6.5
242-55-6721;B;Abuja;53;Normal;Male;Home and lifestyle;5817.6;2;581.76;12216.96;03/07/19;11:49;Epay;11635.2;4.7619047619999995;581.76;6.5
347-34-2234;B;Abuja;54;Member;Female;Sports and travel;19825.2;9;8921.34;187348.14;02/03/19;13:40;Epay;178426.8;4.7619047619999995;8921.34;10.0
853-23-2453;B;Abuja;55;Member;Male;Health and beauty;27266.399999999998;4;5453.28;114518.88;03/03/19;14:35;Cash;109065.59999999999;4.7619047619999995;5453.28;7.6
109-28-2512;B;Abuja;56;Member;Female;Fashion accessories;35139.6;6;10541.880000000001;221379.47999999998;01/07/19;15:01;Epay;210837.59999999998;4.7619047619999995;10541.880000000001;9.9
510-95-6347;B;Abuja;57;Member;Female;Food and beverages;17467.2;3;2620.08;55021.68;03/05/19;18:17;Epay;52401.6;4.7619047619999995;2620.08;4.0
847-38-7188;B;Abuja;58;Normal;Female;Food and beverages;34804.8;3;5220.72;109635.12000000001;03/03/19;19:56;Epay;104414.40000000001;4.7619047619999995;5220.72;6.4
318-68-5053;B;Abuja;59;Normal;Female;Health and beauty;27716.399999999998;6;8314.92;174613.31999999998;03/03/19;17:55;Cash;166298.4;4.7619047619999995;8314.92;6.1
152-08-9985;B;Abuja;60;Member;Male;Health and beauty;23169.6;9;10426.32;218952.72;03/03/19;12:09;Card;208526.4;4.7619047619999995;10426.32;8.6
766-85-7061;B;Abuja;61;Normal;Male;Health and beauty;31633.2;10;15816.6;332148.6;03/03/19;10:25;Epay;316332.0;4.7619047619999995;15816.6;5.1
733-01-9107;B;Abuja;62;Normal;Male;Home and lifestyle;29772.0;6;8931.6;187563.6;03/05/19;18:14;Cash;178632.0;4.7619047619999995;8931.6;7.4
716-39-1409;B;Abuja;63;Normal;Male;Health and beauty;10926.0;7;3824.1000000000004;80306.09999999999;03/05/19;18:19;Cash;76482.0;4.7619047619999995;3824.1000000000004;8.0
479-26-8945;B;Abuja;64;Member;Female;Sports and travel;5936.4;2;593.64;12466.439999999999;02/05/19;11:32;Epay;11872.8;4.7619047619999995;593.64;4.6
227-78-1148;B;Abuja;65;Normal;Female;Fashion accessories;26222.4;7;9177.84;192734.64;02/05/19;12:44;Cash;183556.8;4.7619047619999995;9177.84;8.4
291-32-1427;B;Abuja;66;Member;Male;Fashion accessories;7898.400000000001;5;1974.6000000000001;41466.6;03/05/19;12:29;Epay;39492.0;4.7619047619999995;1974.6000000000001;5.3
659-65-8956;B;Abuja;67;Member;Male;Fashion accessories;18489.6;1;924.48;19414.08;02/05/19;15:26;Epay;18489.6;4.7619047619999995;924.48;5.2
378-24-2715;B;Abuja;68;Normal;Male;Home and lifestyle;19238.399999999998;2;1923.8399999999997;40400.64;02/05/19;20:38;Epay;38476.799999999996;4.7619047619999995;1923.8399999999997;4.1
219-22-9386;B;Abuja;69;Member;Male;Sports and travel;35985.6;9;16193.52;340063.92;03/09/19;17:26;Card;323870.4;4.7619047619999995;16193.52;4.2
268-27-6179;B;Abuja;70;Member;Female;Fashion accessories;20329.2;8;8131.68;170765.28;03/09/19;14:57;Epay;162633.6;4.7619047619999995;8131.68;7.3
549-84-7482;B;Abuja;71;Normal;Female;Sports and travel;32500.8;9;14625.359999999999;307132.56;02/08/19;11:15;Epay;292507.2;4.7619047619999995;14625.359999999999;7.2
191-10-6171;B;Abuja;72;Normal;Female;Fashion accessories;14263.199999999999;7;4992.12;104834.52;02/05/19;13:18;Cash;99842.4;4.7619047619999995;4992.12;7.5
695-51-0018;B;Abuja;73;Normal;Female;Sports and travel;12542.400000000001;4;2508.48;52678.08;02/10/19;18:36;Cash;50169.600000000006;4.7619047619999995;2508.48;7.4
590-83-4591;B;Abuja;74;Member;Male;Electronic accessories;31482.0;6;9444.6;198336.59999999998;02/05/19;14:40;Card;188892.00000000003;4.7619047619999995;9444.6;8.8
241-72-9525;B;Abuja;75;Normal;Male;Sports and travel;18687.6;10;9343.8;196219.8;02/05/19;12:21;Cash;186876.0;4.7619047619999995;9343.8;8.2
262-47-2794;B;Abuja;76;Member;Male;Home and lifestyle;25869.6;8;10347.84;217304.64;03/06/19;15:07;Card;206956.8;4.7619047619999995;10347.84;6.2
608-96-3517;B;Abuja;77;Member;Female;Fashion accessories;32954.4;4;6590.88;138408.48;02/05/19;19:20;Card;131817.6;4.7619047619999995;6590.88;4.8
279-74-2924;B;Abuja;78;Member;Male;Electronic accessories;25981.2;1;1299.06;27280.26;01/04/19;19:40;Cash;25981.2;4.7619047619999995;1299.06;6.1
307-85-2293;B;Abuja;79;Normal;Male;Home and lifestyle;18100.8;5;4525.2;95029.20000000001;03/07/19;13:58;Epay;90504.0;4.7619047619999995;4525.2;9.7
743-04-1105;B;Abuja;80;Member;Male;Health and beauty;34999.2;9;15749.639999999998;330742.44;01/04/19;14:43;Epay;314992.8;4.7619047619999995;15749.639999999998;6.0
423-57-2993;B;Abuja;81;Normal;Male;Sports and travel;33620.4;6;10086.119999999999;211808.52;01/04/19;19:18;Epay;201722.40000000002;4.7619047619999995;10086.119999999999;10.0
548-46-9322;B;Abuja;82;Normal;Male;Food and beverages;14364.0;10;7182.0;150822.0;01/04/19;15:24;Card;143640.0;4.7619047619999995;7182.0;5.9
505-02-0892;B;Abuja;83;Member;Male;Health and beauty;15325.2;8;6130.08;128731.68000000001;01/04/19;14:12;Epay;122601.6;4.7619047619999995;6130.08;5.6
316-55-4634;B;Abuja;84;Member;Male;Food and beverages;28818.0;5;7204.5;151294.5;01/04/19;12:45;Card;144090.0;4.7619047619999995;7204.5;9.4
608-27-6295;B;Abuja;85;Member;Male;Electronic accessories;19040.4;6;5712.12;119954.52;01/04/19;17:34;Card;114242.4;4.7619047619999995;5712.12;9.8
414-12-7047;B;Abuja;86;Normal;Male;Food and beverages;7124.4;8;2849.76;59844.96;01/04/19;12:04;Epay;56995.2;4.7619047619999995;2849.76;8.7
895-66-0685;B;Abuja;87;Member;Male;Food and beverages;6508.799999999999;3;976.3199999999999;20502.72;03/05/19;19:46;Epay;19526.4;4.7619047619999995;976.3199999999999;8.0
305-14-0245;B;Abuja;88;Member;Female;Home and lifestyle;34016.4;8;13606.56;285737.76;03/03/19;19:00;Epay;272131.2;4.7619047619999995;13606.56;7.5
732-04-5373;B;Abuja;89;Member;Male;Home and lifestyle;16729.2;4;3345.84;70262.64;02/08/19;10:53;Cash;66916.8;4.7619047619999995;3345.84;7.0
284-34-9626;B;Abuja;90;Normal;Female;Home and lifestyle;27734.4;3;4160.16;87363.36;02/11/19;10:39;Card;83203.2;4.7619047619999995;4160.16;7.2
437-58-8131;B;Abuja;91;Normal;Female;Fashion accessories;26467.199999999997;2;2646.7200000000003;55581.119999999995;01/04/19;13:41;Epay;52934.399999999994;4.7619047619999995;2646.7200000000003;4.6
641-43-2399;B;Abuja;92;Normal;Male;Home and lifestyle;9198.0;4;1839.6000000000001;38631.6;01/04/19;20:23;Epay;36792.0;4.7619047619999995;1839.6000000000001;5.7
542-41-0513;B;Abuja;93;Member;Female;Electronic accessories;20696.4;4;4139.28;86924.88;01/04/19;11:57;Cash;82785.6;4.7619047619999995;4139.28;6.6
875-46-5808;B;Abuja;94;Member;Male;Health and beauty;9324.0;10;4662.0;97902.0;02/06/19;14:51;Epay;93240.0;4.7619047619999995;4662.0;8.7
394-43-4238;B;Abuja;95;Member;Male;Home and lifestyle;6397.2;5;1599.3;33585.3;01/04/19;12:42;Card;31985.999999999996;4.7619047619999995;1599.3;5.4
573-58-9734;B;Abuja;96;Normal;Female;Fashion accessories;10933.2;3;1639.98;34439.579999999994;01/04/19;13:41;Epay;32799.6;4.7619047619999995;1639.98;5.1
817-69-8206;B;Abuja;97;Normal;Female;Electronic accessories;35902.8;9;16156.26;339281.45999999996;03/02/19;19:42;Card;323125.2;4.7619047619999995;16156.26;6.5
142-63-6033;B;Abuja;98;Normal;Male;Home and lifestyle;33249.6;5;8312.4;174560.4;01/04/19;19:17;Epay;166248.0;4.7619047619999995;8312.4;4.9
656-16-1063;B;Abuja;99;Normal;Male;Sports and travel;16711.2;3;2506.68;52640.27999999999;01/04/19;13:24;Card;50133.6;4.7619047619999995;2506.68;4.4
891-58-8335;B;Abuja;100;Member;Female;Sports and travel;10659.6;7;3730.86;78348.06;01/04/19;15:53;Cash;74617.2;4.7619047619999995;3730.86;6.5
560-30-5617;B;Abuja;101;Normal;Female;Sports and travel;8917.2;5;2229.3;46815.299999999996;01/04/19;18:27;Cash;44586.0;4.7619047619999995;2229.3;8.5
549-03-9315;B;Abuja;102;Normal;Male;Fashion accessories;34153.200000000004;8;13661.28;286886.88;01/04/19;12:58;Epay;273225.60000000003;4.7619047619999995;13661.28;8.7
790-29-1172;B;Abuja;103;Normal;Female;Food and beverages;20642.4;3;3096.36;65023.55999999999;01/04/19;18:59;Card;61927.200000000004;4.7619047619999995;3096.36;7.9
239-36-3640;B;Abuja;104;Normal;Male;Electronic accessories;16326.0;6;4897.8;102853.79999999999;01/04/19;13:44;Epay;97956.00000000001;4.7619047619999995;4897.8;6.1
468-01-2051;B;Abuja;105;Normal;Male;Food and beverages;22348.8;7;7822.080000000001;164263.68;01/04/19;13:46;Epay;156441.6;4.7619047619999995;7822.080000000001;5.4
836-82-5858;B;Abuja;106;Member;Male;Health and beauty;24973.2;9;11237.94;235996.74000000002;01/04/19;19:14;Epay;224758.80000000002;4.7619047619999995;11237.94;4.0
466-61-5506;B;Abuja;107;Member;Female;Electronic accessories;32652.0;6;9795.6;205707.59999999998;01/04/19;10:52;Cash;195912.00000000003;4.7619047619999995;9795.6;5.3
289-65-5721;B;Abuja;108;Normal;Female;Fashion accessories;29293.2;2;2929.32;61515.72;01/04/19;19:28;Cash;58586.4;4.7619047619999995;2929.32;6.5
545-46-3100;B;Abuja;109;Member;Female;Electronic accessories;3812.4;3;571.86;12009.06;01/04/19;13:52;Card;11437.2;4.7619047619999995;571.86;8.7
418-02-5978;B;Abuja;110;Normal;Female;Health and beauty;30272.4;9;13622.58;286074.18;01/04/19;10:54;Cash;272451.6;4.7619047619999995;13622.58;8.0
269-04-5750;B;Abuja;111;Member;Male;Fashion accessories;26575.199999999997;4;5315.04;111615.84000000001;01/04/19;18:31;Cash;106300.79999999999;4.7619047619999995;5315.04;6.7
346-84-3103;B;Abuja;112;Member;Female;Electronic accessories;4759.2;5;1189.8;24985.8;01/04/19;19:26;Cash;23795.999999999996;4.7619047619999995;1189.8;4.3
376-02-8238;B;Abuja;113;Normal;Male;Home and lifestyle;33793.200000000004;8;13517.28;283862.88;01/04/19;18:42;Card;270345.60000000003;4.7619047619999995;13517.28;8.3
866-05-7563;B;Abuja;114;Member;Female;Electronic accessories;29304.000000000004;3;4395.6;92307.6;01/04/19;19:43;Cash;87912.0;4.7619047619999995;4395.6;4.8
785-13-7708;B;Abuja;115;Normal;Male;Food and beverages;26301.600000000002;7;9205.56;193316.76;01/04/19;19:06;Card;184111.2;4.7619047619999995;9205.56;4.2
845-51-0542;B;Abuja;116;Member;Male;Food and beverages;16758.0;9;7541.1;158363.1;01/04/19;15:34;Epay;150822.0;4.7619047619999995;7541.1;6.4
110-48-7033;B;Abuja;117;Member;Male;Fashion accessories;11743.199999999999;4;2348.64;49321.439999999995;01/04/19;14:12;Cash;46972.799999999996;4.7619047619999995;2348.64;9.0
655-85-5130;B;Abuja;118;Member;Female;Fashion accessories;13787.999999999998;4;2757.6;57909.600000000006;01/04/19;19:22;Cash;55151.99999999999;4.7619047619999995;2757.6;5.7
154-74-7179;B;Abuja;119;Normal;Male;Sports and travel;19602.0;1;980.1;20582.1;01/04/19;19:24;Epay;19602.0;4.7619047619999995;980.1;7.9
571-94-0759;B;Abuja;120;Member;Female;Food and beverages;26855.999999999996;10;13427.999999999998;281988.0;01/04/19;20:55;Cash;268560.0;4.7619047619999995;13427.999999999998;9.5
783-09-1637;B;Abuja;121;Normal;Female;Sports and travel;24274.800000000003;5;6068.700000000001;127442.7;01/04/19;18:13;Epay;121373.99999999999;4.7619047619999995;6068.700000000001;6.3
477-24-6490;B;Abuja;122;Normal;Female;Health and beauty;35895.6;6;10768.68;226142.28;01/04/19;16:52;Epay;215373.6;4.7619047619999995;10768.68;7.9
566-19-5475;B;Abuja;123;Normal;Male;Fashion accessories;17269.2;7;6044.22;126928.62;01/04/19;20:52;Cash;120884.40000000001;4.7619047619999995;6044.22;6.2
498-41-1961;B;Abuja;124;Normal;Male;Health and beauty;24004.800000000003;5;6001.200000000001;126025.2;01/04/19;18:01;Cash;120023.99999999999;4.7619047619999995;6001.200000000001;7.6
283-79-9594;B;Abuja;125;Normal;Female;Food and beverages;17463.6;7;6112.26;128357.45999999999;01/04/19;13:30;Card;122245.2;4.7619047619999995;6112.26;5.2
139-20-0155;B;Abuja;126;Member;Male;Electronic accessories;14507.999999999998;10;7253.999999999999;152334.0;01/04/19;17:37;Card;145080.0;4.7619047619999995;7253.999999999999;7.0
585-03-5943;B;Abuja;127;Normal;Male;Health and beauty;6519.599999999999;10;3259.7999999999997;68455.8;01/04/19;11:46;Epay;65196.0;4.7619047619999995;3259.7999999999997;5.9
573-10-3877;B;Abuja;128;Member;Male;Health and beauty;14043.599999999999;1;702.18;14745.78;01/04/19;16:46;Card;14043.599999999999;4.7619047619999995;702.18;4.7
396-90-2219;B;Abuja;129;Normal;Female;Electronic accessories;5385.6;8;2154.24;45239.04;01/04/19;12:29;Cash;43084.8;4.7619047619999995;2154.24;8.6
532-59-7201;B;Abuja;130;Member;Male;Sports and travel;28774.800000000003;6;8632.44;181281.24000000002;01/04/19;14:04;Cash;172648.8;4.7619047619999995;8632.44;5.5
276-54-0879;B;Abuja;131;Normal;Male;Sports and travel;35186.4;4;7037.28;147782.88;01/04/19;19:53;Epay;140745.6;4.7619047619999995;7037.28;6.4
730-61-8757;B;Abuja;132;Member;Male;Health and beauty;18406.8;4;3681.36;77308.56;01/04/19;10:11;Card;73627.2;4.7619047619999995;3681.36;4.0
868-81-1752;B;Abuja;133;Normal;Male;Home and lifestyle;7927.2;9;3567.24;74912.04000000001;01/04/19;18:48;Cash;71344.8;4.7619047619999995;3567.24;6.8
692-27-8933;B;Abuja;134;Normal;Female;Sports and travel;20862.0;6;6258.6;131430.6;01/04/19;13:02;Cash;125172.0;4.7619047619999995;6258.6;5.2
374-17-3652;B;Abuja;135;Member;Female;Food and beverages;15415.2;9;6936.840000000001;145673.64;01/04/19;15:26;Card;138736.8;4.7619047619999995;6936.840000000001;8.9
378-07-7001;B;Abuja;136;Member;Male;Electronic accessories;17312.4;3;2596.86;54534.06;01/04/19;18:23;Card;51937.200000000004;4.7619047619999995;2596.86;7.8
433-75-6987;B;Abuja;137;Member;Female;Health and beauty;20149.2;7;7052.22;148096.62;01/04/19;19:06;Epay;141044.4;4.7619047619999995;7052.22;8.9
873-95-4984;B;Abuja;138;Member;Female;Health and beauty;27684.000000000004;7;9689.4;203477.40000000002;01/04/19;20:21;Cash;193787.99999999997;4.7619047619999995;9689.4;7.7
400-45-1220;B;Abuja;139;Normal;Female;Health and beauty;4860.0;10;2430.0;51030.0;01/04/19;11:06;Card;48600.0;4.7619047619999995;2430.0;4.8
115-99-4379;B;Abuja;140;Member;Female;Fashion accessories;19702.8;7;6895.98;144815.58;01/04/19;19:02;Card;137919.6;4.7619047619999995;6895.98;8.5
565-67-6697;B;Abuja;141;Member;Male;Home and lifestyle;9720.0;9;4374.0;91854.0;01/04/19;14:16;Cash;87480.0;4.7619047619999995;4374.0;4.8
889-04-9723;B;Abuja;142;Member;Female;Food and beverages;32090.4;4;6418.08;134779.68000000002;01/04/19;12:20;Card;128361.6;4.7619047619999995;6418.08;7.8
453-63-6187;B;Abuja;143;Normal;Male;Electronic accessories;9900.0;3;1485.0;31185.0;01/04/19;15:40;Epay;29700.0;4.7619047619999995;1485.0;6.5
578-80-7669;B;Abuja;144;Normal;Male;Sports and travel;26989.2;1;1349.46;28338.660000000003;01/04/19;16:58;Cash;26989.2;4.7619047619999995;1349.46;5.6
201-86-2184;B;Abuja;145;Member;Female;Electronic accessories;9453.6;7;3308.76;69483.95999999999;01/04/19;19:40;Cash;66175.2;4.7619047619999995;3308.76;9.9
261-12-8671;B;Abuja;146;Normal;Female;Fashion accessories;21945.6;2;2194.56;46085.759999999995;01/04/19;19:39;Card;43891.2;4.7619047619999995;2194.56;4.9
843-01-4703;B;Abuja;147;Member;Female;Home and lifestyle;12736.800000000001;9;5731.5599999999995;120362.76000000001;01/04/19;19:50;Card;114631.20000000001;4.7619047619999995;5731.5599999999995;9.6
182-69-8360;B;Abuja;148;Normal;Female;Electronic accessories;8514.0;4;1702.8000000000002;35758.8;01/04/19;13:32;Card;34056.0;4.7619047619999995;1702.8000000000002;4.0
868-52-7573;B;Abuja;149;Normal;Female;Food and beverages;35888.4;5;8972.1;188414.09999999998;01/04/19;12:09;Cash;179442.0;4.7619047619999995;8972.1;9.9
525-88-7307;B;Abuja;150;Member;Male;Sports and travel;27295.199999999997;1;1364.7600000000002;28659.960000000003;01/04/19;13:19;Cash;27295.199999999997;4.7619047619999995;1364.7600000000002;5.8
596-42-3999;B;Abuja;151;Normal;Male;Food and beverages;6559.2;7;2295.7200000000003;48210.12;01/04/19;14:04;Card;45914.4;4.7619047619999995;2295.7200000000003;6.6
173-82-9529;B;Abuja;152;Normal;Female;Fashion accessories;13662.000000000002;10;6831.000000000001;143451.0;01/04/19;14:51;Cash;136620.0;4.7619047619999995;6831.000000000001;9.7
760-54-1821;B;Abuja;153;Normal;Male;Home and lifestyle;4892.4;9;2201.58;46233.18;01/04/19;10:26;Cash;44031.6;4.7619047619999995;2201.58;5.8
793-10-3222;B;Abuja;154;Member;Female;Health and beauty;14781.6;6;4434.48;93124.08;01/04/19;13:30;Card;88689.6;4.7619047619999995;4434.48;8.3
346-12-3257;B;Abuja;155;Member;Male;Electronic accessories;6926.4;9;3116.8799999999997;65454.479999999996;01/04/19;16:28;Cash;62337.6;4.7619047619999995;3116.8799999999997;8.0
831-64-0259;B;Abuja;156;Normal;Female;Fashion accessories;14310.0;5;3577.5;75127.5;01/04/19;10:43;Epay;71550.0;4.7619047619999995;3577.5;9.6
725-32-9708;B;Abuja;157;Member;Female;Fashion accessories;24735.6;4;4947.12;103889.52;01/04/19;19:01;Cash;98942.4;4.7619047619999995;4947.12;4.1
244-08-0162;B;Abuja;158;Normal;Female;Health and beauty;12315.6;10;6157.8;129313.79999999999;01/04/19;13:00;Cash;123156.00000000001;4.7619047619999995;6157.8;5.1
569-71-4390;B;Abuja;159;Normal;Male;Sports and travel;7873.200000000001;2;787.3199999999999;16533.72;01/04/19;14:29;Epay;15746.400000000001;4.7619047619999995;787.3199999999999;6.9
268-03-6164;B;Abuja;160;Normal;Male;Health and beauty;34599.6;1;1729.98;36329.579999999994;01/04/19;16:28;Epay;34599.6;4.7619047619999995;1729.98;7.8
848-07-1692;B;Abuja;161;Normal;Female;Health and beauty;20599.2;2;2059.92;43258.32;01/04/19;17:13;Epay;41198.4;4.7619047619999995;2059.92;8.3
301-81-8610;B;Abuja;162;Member;Male;Fashion accessories;9151.2;8;3660.4799999999996;76870.08;01/04/19;19:42;Card;73209.6;4.7619047619999995;3660.4799999999996;6.7
198-84-7132;B;Abuja;163;Member;Male;Fashion accessories;14619.6;9;6578.82;138155.22;01/04/19;13:40;Cash;131576.4;4.7619047619999995;6578.82;7.0
650-98-6268;B;Abuja;164;Member;Female;Food and beverages;7513.200000000001;3;1126.98;23666.579999999998;01/04/19;13:53;Card;22539.6;4.7619047619999995;1126.98;8.0
741-73-3559;B;Abuja;165;Normal;Male;Sports and travel;24217.199999999997;5;6054.299999999999;127140.3;01/04/19;17:27;Cash;121086.00000000001;4.7619047619999995;6054.299999999999;6.9
286-75-7818;B;Abuja;166;Normal;Male;Fashion accessories;24868.8;2;2486.8799999999997;52224.479999999996;01/04/19;19:48;Card;49737.6;4.7619047619999995;2486.8799999999997;6.9
616-87-0016;B;Abuja;167;Normal;Male;Fashion accessories;34394.4;7;12038.04;252798.83999999997;01/04/19;14:36;Card;240760.8;4.7619047619999995;12038.04;9.6
837-55-7229;B;Abuja;168;Normal;Female;Fashion accessories;17078.399999999998;1;853.92;17932.32;01/04/19;18:19;Card;17078.399999999998;4.7619047619999995;853.92;6.8
394-30-3170;B;Abuja;169;Member;Female;Sports and travel;31834.800000000003;8;12733.92;267412.32;01/04/19;19:35;Card;254678.40000000002;4.7619047619999995;12733.92;4.3
390-80-5128;B;Abuja;170;Member;Female;Health and beauty;6893.999999999999;1;344.7;7238.700000000001;01/04/19;17:58;Card;6893.999999999999;4.7619047619999995;344.7;9.5
296-11-7041;B;Abuja;171;Member;Female;Health and beauty;9745.2;1;487.26;10232.460000000001;01/04/19;20:07;Card;9745.2;4.7619047619999995;487.26;5.3
449-27-2918;B;Abuja;172;Member;Female;Sports and travel;14083.199999999999;1;704.16;14787.36;01/04/19;11:02;Card;14083.199999999999;4.7619047619999995;704.16;9.6
891-01-7034;B;Abuja;173;Normal;Female;Electronic accessories;26895.6;6;8068.68;169442.28;01/04/19;19:07;Cash;161373.6;4.7619047619999995;8068.68;6.7
744-09-5786;B;Abuja;174;Normal;Male;Electronic accessories;7923.6;6;2377.08;49918.67999999999;01/04/19;18:50;Cash;47541.6;4.7619047619999995;2377.08;7.6
767-54-1907;B;Abuja;175;Member;Female;Fashion accessories;10641.6;5;2660.4;55868.4;01/04/19;16:59;Cash;53208.00000000001;4.7619047619999995;2660.4;6.9
710-46-4433;B;Abuja;176;Member;Female;Food and beverages;27864.000000000004;9;12538.8;263314.8;01/04/19;14:15;Card;250776.0;4.7619047619999995;12538.8;4.5
533-33-5337;B;Abuja;177;Normal;Male;Electronic accessories;28580.4;10;14290.2;300094.2;01/04/19;20:24;Cash;285804.0;4.7619047619999995;14290.2;6.2
234-03-4040;B;Abuja;178;Member;Female;Food and beverages;26298.0;10;13149.0;276129.0;01/04/19;12:25;Card;262980.0;4.7619047619999995;13149.0;8.7
554-53-3790;B;Abuja;179;Normal;Male;Sports and travel;13327.2;6;3998.16;83961.36;01/04/19;18:33;Cash;79963.2;4.7619047619999995;3998.16;4.5
731-59-7531;B;Abuja;180;Member;Male;Health and beauty;26125.199999999997;8;10450.08;219451.68000000002;01/04/19;17:58;Cash;209001.59999999998;4.7619047619999995;10450.08;4.6
701-69-8742;B;Abuja;181;Normal;Male;Sports and travel;12373.199999999999;10;6186.599999999999;129918.59999999999;01/04/19;10:11;Epay;123732.0;4.7619047619999995;6186.599999999999;6.7
305-18-3552;B;Abuja;182;Member;Male;Home and lifestyle;21736.8;10;10868.4;228236.4;01/04/19;16:19;Cash;217367.99999999997;4.7619047619999995;10868.4;6.0
438-01-4015;B;Abuja;183;Member;Female;Sports and travel;17816.4;4;3563.2799999999997;74828.88;01/04/19;15:25;Epay;71265.6;4.7619047619999995;3563.2799999999997;6.6
709-58-4068;B;Abuja;184;Normal;Female;Fashion accessories;14792.400000000001;10;7396.200000000001;155320.2;01/04/19;14:42;Cash;147924.0;4.7619047619999995;7396.200000000001;7.3
627-95-3243;B;Abuja;185;Member;Female;Home and lifestyle;27964.800000000003;9;12584.159999999998;264267.36;01/04/19;13:21;Epay;251683.2;4.7619047619999995;12584.159999999998;9.8
686-41-0932;B;Abuja;186;Normal;Female;Fashion accessories;12492.000000000002;2;1249.2;26233.2;01/04/19;19:48;Epay;24984.000000000004;4.7619047619999995;1249.2;8.2
608-04-3797;B;Abuja;187;Member;Female;Health and beauty;9115.2;8;3646.08;76567.68;01/04/19;20:24;Epay;72921.6;4.7619047619999995;3646.08;8.7
437-53-3084;B;Abuja;188;Normal;Male;Fashion accessories;35960.4;2;3596.0399999999995;75516.84;01/04/19;11:48;Epay;71920.8;4.7619047619999995;3596.0399999999995;7.1
632-32-4574;B;Abuja;189;Normal;Male;Sports and travel;27331.2;8;10932.480000000001;229582.08000000002;01/04/19;14:14;Cash;218649.6;4.7619047619999995;10932.480000000001;5.5
401-18-8016;B;Abuja;190;Member;Female;Sports and travel;35326.799999999996;1;1766.3400000000001;37093.14;01/04/19;17:36;Cash;35326.799999999996;4.7619047619999995;1766.3400000000001;8.9
277-63-2961;B;Abuja;191;Member;Male;Sports and travel;26629.2;1;1331.46;27960.659999999996;01/04/19;15:53;Card;26629.2;4.7619047619999995;1331.46;5.4
282-35-2475;B;Abuja;192;Normal;Female;Sports and travel;33591.6;2;3359.16;70542.36;01/04/19;17:53;Cash;67183.2;4.7619047619999995;3359.16;6.3
511-54-3087;B;Abuja;193;Normal;Male;Sports and travel;31842.0;1;1592.1000000000001;33434.1;01/04/19;16:36;Card;31842.0;4.7619047619999995;1592.1000000000001;9.5
387-49-4215;B;Abuja;194;Member;Female;Sports and travel;17460.0;3;2619.0;54999.0;01/04/19;12:50;Cash;52380.0;4.7619047619999995;2619.0;6.7
862-17-9201;B;Abuja;195;Normal;Female;Food and beverages;30258.0;6;9077.4;190625.4;01/04/19;10:48;Card;181548.0;4.7619047619999995;9077.4;7.7
291-21-5991;B;Abuja;196;Member;Male;Health and beauty;22064.4;5;5516.1;115838.09999999999;01/04/19;14:28;Cash;110322.0;4.7619047619999995;5516.1;7.0
347-72-6115;B;Abuja;197;Member;Female;Sports and travel;32666.399999999998;7;11433.24;240098.03999999998;01/04/19;18:03;Card;228664.8;4.7619047619999995;11433.24;6.2
425-85-2085;B;Abuja;198;Member;Male;Health and beauty;19749.6;5;4937.4;103685.4;01/04/19;16:48;Epay;98748.0;4.7619047619999995;4937.4;9.8
734-91-1155;B;Abuja;199;Normal;Female;Electronic accessories;16455.6;3;2468.3399999999997;51835.14;01/04/19;10:34;Card;49366.799999999996;4.7619047619999995;2468.3399999999997;7.7
286-62-6248;B;Abuja;200;Normal;Male;Fashion accessories;14115.6;4;2823.1200000000003;59285.520000000004;01/04/19;20:03;Card;56462.4;4.7619047619999995;2823.1200000000003;9.0
339-38-9982;B;Abuja;201;Member;Male;Fashion accessories;21549.6;2;2154.96;45254.16;01/04/19;14:55;Epay;43099.2;4.7619047619999995;2154.96;6.7
827-44-5872;B;Abuja;202;Member;Female;Food and beverages;19569.6;10;9784.8;205480.8;01/04/19;11:28;Card;195696.0;4.7619047619999995;9784.8;6.1
857-67-9057;B;Abuja;203;Normal;Male;Electronic accessories;8262.0;10;4131.0;86751.0;01/04/19;19:20;Epay;82620.0;4.7619047619999995;4131.0;8.2
339-12-4827;B;Abuja;204;Member;Female;Fashion accessories;26625.6;1;1331.28;27956.88;01/04/19;11:32;Card;26625.6;4.7619047619999995;1331.28;5.0
173-50-1108;B;Abuja;205;Member;Female;Sports and travel;7264.8;4;1452.9600000000003;30512.16;01/04/19;12:14;Card;29059.2;4.7619047619999995;1452.9600000000003;5.0
841-18-8232;B;Abuja;206;Normal;Female;Food and beverages;25632.0;1;1281.6;26913.600000000002;01/04/19;20:40;Card;25632.0;4.7619047619999995;1281.6;9.2
701-23-5550;B;Abuja;207;Member;Male;Home and lifestyle;13971.6;4;2794.32;58680.72;01/04/19;13:40;Epay;55886.4;4.7619047619999995;2794.32;4.9
539-21-7227;B;Abuja;208;Normal;Female;Sports and travel;18554.4;5;4638.6;97410.59999999999;01/04/19;17:45;Cash;92772.0;4.7619047619999995;4638.6;4.2
747-58-7183;B;Abuja;209;Normal;Male;Fashion accessories;20617.2;3;3092.5800000000004;64944.18;01/04/19;20:31;Epay;61851.6;4.7619047619999995;3092.5800000000004;6.5
582-52-8065;B;Abuja;210;Normal;Female;Fashion accessories;19551.600000000002;9;8798.22;184762.62000000002;01/04/19;10:49;Cash;175964.4;4.7619047619999995;8798.22;8.9
210-57-1719;B;Abuja;211;Normal;Female;Health and beauty;20966.4;9;9434.880000000001;198132.48;01/04/19;12:34;Cash;188697.59999999998;4.7619047619999995;9434.880000000001;9.7
356-44-8813;B;Abuja;212;Normal;Male;Home and lifestyle;13492.8;3;2023.9200000000003;42502.32000000001;02/04/19;13:45;Card;40478.4;4.7619047619999995;2023.9200000000003;7.7
198-66-9832;B;Abuja;213;Member;Female;Fashion accessories;25934.4;2;2593.44;54462.24;02/04/19;19:38;Cash;51868.8;4.7619047619999995;2593.44;9.5
174-75-0888;B;Abuja;214;Normal;Male;Electronic accessories;7768.799999999999;9;3495.96;73415.15999999999;02/04/19;12:32;Cash;69919.2;4.7619047619999995;3495.96;7.3
134-54-4720;B;Abuja;215;Normal;Female;Electronic accessories;15271.2;8;6108.48;128278.08000000002;02/04/19;13:58;Epay;122169.6;4.7619047619999995;6108.48;5.7
514-37-2845;B;Abuja;216;Normal;Male;Fashion accessories;35730.0;2;3573.0000000000005;75033.0;02/04/19;13:02;Cash;71460.0;4.7619047619999995;3573.0000000000005;9.0
241-11-2261;B;Abuja;217;Normal;Female;Fashion accessories;28749.6;7;10062.36;211309.56;02/04/19;10:33;Card;201247.19999999998;4.7619047619999995;10062.36;5.5
834-83-1826;B;Abuja;218;Member;Female;Home and lifestyle;29534.4;5;7383.6;155055.6;02/04/19;17:16;Card;147672.0;4.7619047619999995;7383.6;7.6
343-61-3544;B;Abuja;219;Member;Male;Sports and travel;9601.2;10;4800.6;100812.6;02/04/19;11:48;Cash;96012.0;4.7619047619999995;4800.6;8.6
355-34-6244;B;Abuja;220;Normal;Male;Food and beverages;26060.4;2;2606.04;54726.840000000004;02/04/19;19:55;Card;52120.8;4.7619047619999995;2606.04;8.1
339-96-8318;B;Abuja;221;Member;Male;Fashion accessories;29271.600000000002;7;10245.06;215146.26;02/04/19;19:49;Epay;204901.19999999998;4.7619047619999995;10245.06;6.3
458-61-0011;B;Abuja;222;Normal;Male;Food and beverages;21708.0;4;4341.6;91173.59999999999;02/04/19;18:43;Cash;86832.0;4.7619047619999995;4341.6;5.8
207-73-1363;B;Abuja;223;Normal;Male;Health and beauty;25023.600000000002;2;2502.36;52549.56;02/04/19;12:15;Epay;50047.200000000004;4.7619047619999995;2502.36;8.1
359-90-3665;B;Abuja;224;Member;Female;Fashion accessories;6508.799999999999;4;1301.76;27336.960000000003;02/04/19;18:03;Card;26035.199999999997;4.7619047619999995;1301.76;9.5
375-72-3056;B;Abuja;225;Normal;Male;Sports and travel;22701.600000000002;3;3405.24;71510.04000000001;02/04/19;15:58;Epay;68104.8;4.7619047619999995;3405.24;7.0
585-11-6748;B;Abuja;226;Member;Male;Sports and travel;34848.0;3;5227.2;109771.20000000001;02/04/19;13:05;Cash;104543.99999999999;4.7619047619999995;5227.2;5.3
470-31-3286;B;Abuja;227;Normal;Male;Health and beauty;5335.2;3;800.2800000000001;16805.88;02/04/19;11:30;Card;16005.6;4.7619047619999995;800.2800000000001;8.7
642-30-6693;B;Abuja;228;Normal;Female;Sports and travel;19623.6;6;5887.079999999999;123628.68000000001;02/04/19;13:54;Epay;117741.6;4.7619047619999995;5887.079999999999;7.8
830-58-2383;B;Abuja;229;Normal;Male;Home and lifestyle;11430.0;4;2286.0;48006.0;02/04/19;15:26;Cash;45720.0;4.7619047619999995;2286.0;8.6
349-97-8902;B;Abuja;230;Member;Male;Food and beverages;20840.4;2;2084.04;43764.840000000004;02/04/19;10:37;Epay;41680.8;4.7619047619999995;2084.04;8.9
789-23-8625;B;Abuja;231;Member;Male;Fashion accessories;33559.2;3;5033.879999999999;105711.48;02/04/19;11:45;Cash;100677.6;4.7619047619999995;5033.879999999999;7.2
327-40-9673;B;Abuja;232;Member;Male;Sports and travel;26135.999999999996;6;7840.8;164656.8;02/04/19;19:51;Cash;156816.0;4.7619047619999995;7840.8;6.9
670-79-6321;B;Abuja;233;Member;Female;Home and lifestyle;34052.4;7;11918.339999999998;250285.13999999998;02/04/19;15:27;Card;238366.8;4.7619047619999995;11918.339999999998;4.9
852-62-7105;B;Abuja;234;Normal;Female;Fashion accessories;29970.0;10;14985.0;314685.0;02/04/19;11:25;Card;299700.0;4.7619047619999995;14985.0;4.4
598-06-7312;B;Abuja;235;Member;Male;Fashion accessories;32886.0;1;1644.3;34530.3;02/04/19;15:42;Cash;32886.0;4.7619047619999995;1644.3;6.8
135-13-8269;B;Abuja;236;Member;Female;Food and beverages;28396.8;2;2839.68;59633.28;02/04/19;16:04;Cash;56793.6;4.7619047619999995;2839.68;9.1
628-90-8624;B;Abuja;237;Member;Male;Health and beauty;29728.8;10;14864.4;312152.4;02/04/19;14:41;Cash;297288.0;4.7619047619999995;14864.4;5.0
420-04-7590;B;Abuja;238;Normal;Male;Home and lifestyle;35892.0;3;5383.8;113059.8;02/04/19;11:29;Epay;107676.00000000001;4.7619047619999995;5383.8;4.7
182-88-2763;B;Abuja;239;Member;Male;Food and beverages;28767.6;3;4315.139999999999;90617.94;02/04/19;19:28;Card;86302.8;4.7619047619999995;4315.139999999999;5.0
188-55-0967;B;Abuja;240;Member;Male;Health and beauty;23929.2;10;11964.6;251256.59999999998;02/04/19;15:01;Card;239292.00000000003;4.7619047619999995;11964.6;5.0
364-33-8584;B;Abuja;241;Member;Female;Food and beverages;6346.799999999999;5;1586.6999999999998;33320.700000000004;02/04/19;15:27;Cash;31734.000000000004;4.7619047619999995;1586.6999999999998;8.5
665-63-9737;B;Abuja;242;Normal;Male;Fashion accessories;18871.2;3;2830.68;59444.28;02/04/19;17:36;Epay;56613.6;4.7619047619999995;2830.68;7.5
695-09-5146;B;Abuja;243;Member;Female;Food and beverages;35564.4;3;5334.66;112027.85999999999;02/04/19;20:00;Epay;106693.2;4.7619047619999995;5334.66;6.4
794-32-2436;B;Abuja;244;Member;Male;Electronic accessories;20041.2;2;2004.1200000000001;42086.520000000004;02/04/19;15:08;Epay;40082.4;4.7619047619999995;2004.1200000000001;6.0
574-31-8277;B;Abuja;245;Member;Male;Fashion accessories;12106.800000000001;1;605.34;12712.140000000001;02/04/19;19:55;Cash;12106.800000000001;4.7619047619999995;605.34;5.6
369-82-2676;B;Abuja;246;Normal;Male;Electronic accessories;27237.6;5;6809.4;142997.4;02/04/19;18:22;Epay;136188.0;4.7619047619999995;6809.4;7.8
563-47-4072;B;Abuja;247;Normal;Female;Health and beauty;20091.600000000002;6;6027.48;126577.08;02/04/19;11:52;Cash;120549.6;4.7619047619999995;6027.48;9.9
149-15-7606;B;Abuja;248;Member;Male;Sports and travel;13435.2;9;6045.84;126962.64000000001;02/04/19;15:31;Epay;120916.8;4.7619047619999995;6045.84;5.1
133-77-3154;B;Abuja;249;Member;Male;Fashion accessories;21664.8;4;4332.96;90992.15999999999;02/04/19;18:04;Card;86659.2;4.7619047619999995;4332.96;9.4
322-02-2271;B;Abuja;250;Normal;Female;Sports and travel;15469.199999999999;3;2320.38;48727.98;02/04/19;11:46;Cash;46407.6;4.7619047619999995;2320.38;9.3
725-67-2480;B;Abuja;251;Member;Female;Fashion accessories;21150.0;6;6345.0;133245.0;02/04/19;18:14;Card;126900.0;4.7619047619999995;6345.0;5.9
779-42-2410;B;Abuja;252;Member;Male;Food and beverages;20786.4;3;3117.96;65477.15999999999;02/04/19;13:06;Epay;62359.2;4.7619047619999995;3117.96;7.7
190-14-3147;B;Abuja;253;Normal;Female;Health and beauty;6469.2;4;1293.84;27170.639999999996;02/04/19;20:43;Epay;25876.8;4.7619047619999995;1293.84;6.4
679-22-6530;B;Abuja;254;Normal;Female;Sports and travel;14623.199999999999;2;1462.3200000000002;30708.72;02/04/19;10:01;Card;29246.399999999998;4.7619047619999995;1462.3200000000002;4.1
642-61-4706;B;Abuja;255;Member;Male;Food and beverages;33624.0;2;3362.4;70610.4;02/04/19;16:34;Cash;67248.0;4.7619047619999995;3362.4;5.5
576-31-4774;B;Abuja;256;Normal;Female;Health and beauty;26427.6;3;3964.14;83246.94;02/04/19;13:10;Epay;79282.8;4.7619047619999995;3964.14;4.0
242-11-3142;B;Abuja;257;Member;Male;Fashion accessories;30157.199999999997;2;3015.7200000000003;63330.12;02/04/19;19:57;Cash;60314.399999999994;4.7619047619999995;3015.7200000000003;4.6
752-23-3760;B;Abuja;258;Member;Female;Sports and travel;23068.8;7;8074.08;169555.68000000002;02/04/19;19:29;Card;161481.6;4.7619047619999995;8074.08;7.3
528-87-5606;B;Abuja;259;Member;Female;Electronic accessories;14212.8;1;710.64;14923.439999999997;02/04/19;19:43;Cash;14212.8;4.7619047619999995;710.64;6.5
320-85-2052;B;Abuja;260;Normal;Female;Sports and travel;12531.6;1;626.5799999999999;13158.18;02/04/19;10:11;Card;12531.6;4.7619047619999995;626.5799999999999;7.0
510-79-0415;B;Abuja;261;Member;Female;Sports and travel;8308.8;6;2492.64;52345.44;02/04/19;19:20;Epay;49852.799999999996;4.7619047619999995;2492.64;4.9
241-96-5076;B;Abuja;262;Member;Female;Home and lifestyle;17676.0;2;1767.6000000000001;37119.6;02/04/19;12:58;Card;35352.0;4.7619047619999995;1767.6000000000001;6.4
767-97-4650;B;Abuja;263;Member;Female;Sports and travel;23338.8;2;2333.8799999999997;49011.48;02/04/19;11:59;Card;46677.6;4.7619047619999995;2333.8799999999997;8.0
826-58-8051;B;Abuja;264;Normal;Male;Home and lifestyle;22388.399999999998;4;4477.679999999999;94031.28;02/04/19;19:46;Epay;89553.59999999999;4.7619047619999995;4477.679999999999;4.3
176-64-7711;B;Abuja;265;Normal;Male;Food and beverages;11635.2;3;1745.28;36650.88;02/04/19;19:11;Card;34905.6;4.7619047619999995;1745.28;4.3
191-29-0321;B;Abuja;266;Member;Female;Fashion accessories;7117.2;10;3558.6;74730.6;02/04/19;18:57;Card;71172.0;4.7619047619999995;3558.6;5.0
729-06-2010;B;Abuja;267;Member;Male;Health and beauty;28969.2;9;13036.14;273758.94;02/04/19;11:18;Cash;260722.80000000002;4.7619047619999995;13036.14;9.2
640-48-5028;B;Abuja;268;Member;Female;Home and lifestyle;31820.4;9;14319.18;300702.77999999997;02/04/19;12:40;Cash;286383.6;4.7619047619999995;14319.18;6.3
186-79-9562;B;Abuja;269;Normal;Male;Health and beauty;25837.199999999997;7;9043.019999999999;189903.42;02/04/19;14:06;Cash;180860.4;4.7619047619999995;9043.019999999999;8.9
834-45-5519;B;Abuja;270;Normal;Female;Electronic accessories;15480.0;4;3096.0;65016.0;02/04/19;20:48;Epay;61920.0;4.7619047619999995;3096.0;7.6
821-14-9046;B;Abuja;271;Member;Female;Fashion accessories;6292.8;6;1887.84;39644.64;02/04/19;15:04;Card;37756.799999999996;4.7619047619999995;1887.84;6.1
418-05-0656;B;Abuja;272;Normal;Female;Fashion accessories;9201.6;7;3220.56;67631.76;02/04/19;20:42;Cash;64411.2;4.7619047619999995;3220.56;7.1
776-68-1096;B;Abuja;273;Normal;Male;Home and lifestyle;15883.199999999999;3;2382.48;50032.079999999994;02/04/19;13:45;Card;47649.600000000006;4.7619047619999995;2382.48;7.9
434-35-9162;B;Abuja;274;Member;Male;Food and beverages;8402.4;4;1680.48;35290.079999999994;02/04/19;18:53;Epay;33609.6;4.7619047619999995;1680.48;7.4
174-64-0215;B;Abuja;275;Normal;Male;Sports and travel;25106.399999999998;10;12553.199999999999;263617.2;02/04/19;17:49;Card;251064.0;4.7619047619999995;12553.199999999999;8.9
299-29-0180;B;Abuja;276;Member;Female;Home and lifestyle;18784.8;7;6574.679999999999;138068.28;02/04/19;10:54;Cash;131493.6;4.7619047619999995;6574.679999999999;9.3
438-23-1242;B;Abuja;277;Normal;Male;Electronic accessories;27316.8;7;9560.880000000001;200778.48000000004;02/04/19;10:38;Epay;191217.59999999998;4.7619047619999995;9560.880000000001;8.9
238-45-6950;B;Abuja;278;Member;Male;Food and beverages;19339.2;1;966.9600000000002;20306.160000000003;02/04/19;20:03;Epay;19339.2;4.7619047619999995;966.9600000000002;6.4
197-77-7132;B;Abuja;279;Member;Male;Electronic accessories;32961.6;8;13184.640000000001;276877.44;02/04/19;18:22;Epay;263692.8;4.7619047619999995;13184.640000000001;6.0
457-13-1708;B;Abuja;280;Member;Male;Fashion accessories;23482.800000000003;10;11741.400000000001;246569.4;02/04/19;19:07;Card;234827.99999999997;4.7619047619999995;11741.400000000001;5.2
487-79-6868;B;Abuja;281;Member;Female;Home and lifestyle;4424.4;9;1990.98;41810.58;02/04/19;19:28;Card;39819.6;4.7619047619999995;1990.98;8.0
210-30-7976;B;Abuja;282;Member;Female;Fashion accessories;8035.2;4;1607.0399999999997;33747.84;02/04/19;11:16;Epay;32140.8;4.7619047619999995;1607.0399999999997;4.1
775-72-1988;B;Abuja;283;Normal;Male;Home and lifestyle;26380.8;5;6595.2;138499.2;02/04/19;15:05;Epay;131904.0;4.7619047619999995;6595.2;8.4
785-96-0615;B;Abuja;284;Member;Female;Electronic accessories;12866.400000000001;8;5146.5599999999995;108077.76000000001;02/04/19;15:28;Epay;102931.20000000001;4.7619047619999995;5146.5599999999995;4.9
842-40-8179;B;Abuja;285;Member;Female;Food and beverages;27792.0;10;13896.0;291816.0;02/04/19;10:38;Card;277920.0;4.7619047619999995;13896.0;5.6
525-09-8450;B;Abuja;286;Normal;Male;Electronic accessories;25966.8;10;12983.4;272651.4;02/04/19;15:12;Card;259667.99999999997;4.7619047619999995;12983.4;4.2
593-14-4239;B;Abuja;287;Normal;Female;Home and lifestyle;34365.6;8;13746.24;288671.04;02/04/19;19:40;Epay;274924.8;4.7619047619999995;13746.24;4.7
388-76-2555;B;Abuja;288;Normal;Male;Sports and travel;4928.4;6;1478.52;31048.920000000006;02/04/19;13:59;Cash;29570.4;4.7619047619999995;1478.52;6.3
711-31-1234;B;Abuja;289;Normal;Female;Electronic accessories;34430.4;4;6886.08;144607.68000000002;02/04/19;18:51;Cash;137721.6;4.7619047619999995;6886.08;7.9
707-32-7409;B;Abuja;290;Member;Female;Sports and travel;34394.4;4;6878.88;144456.48;02/04/19;11:58;Epay;137577.6;4.7619047619999995;6878.88;4.5
120-54-2248;B;Abuja;291;Normal;Female;Food and beverages;10389.6;5;2597.4;54545.399999999994;02/04/19;18:08;Card;51948.00000000001;4.7619047619999995;2597.4;8.0
875-31-8302;B;Abuja;292;Normal;Male;Sports and travel;33616.799999999996;1;1680.84;35297.64;02/04/19;13:07;Cash;33616.799999999996;4.7619047619999995;1680.84;9.6
457-94-0464;B;Abuja;293;Member;Male;Electronic accessories;31633.2;9;14234.94;298933.74;02/04/19;20:32;Epay;284698.8;4.7619047619999995;14234.94;5.6
744-16-7898;B;Abuja;294;Normal;Female;Home and lifestyle;35053.200000000004;10;17526.600000000002;368058.6;02/04/19;13:48;Card;350532.0;4.7619047619999995;17526.600000000002;4.9
605-83-1050;B;Abuja;295;Normal;Male;Fashion accessories;9784.8;2;978.48;20548.08;02/04/19;16:26;Epay;19569.6;4.7619047619999995;978.48;4.3
359-94-5395;B;Abuja;296;Normal;Male;Health and beauty;33400.8;1;1670.0399999999997;35070.84;02/04/19;10:50;Card;33400.8;4.7619047619999995;1670.0399999999997;9.8
751-15-6198;B;Abuja;297;Normal;Male;Sports and travel;8283.6;6;2485.08;52186.68;02/04/19;16:45;Epay;49701.6;4.7619047619999995;2485.08;7.9
831-81-6575;B;Abuja;298;Member;Female;Electronic accessories;27212.4;9;12245.580000000002;257157.18000000002;02/04/19;11:12;Cash;244911.59999999998;4.7619047619999995;12245.580000000002;8.0
559-61-5987;B;Abuja;299;Normal;Female;Health and beauty;6390.0;1;319.5;6709.5;02/04/19;10:38;Cash;6390.0;4.7619047619999995;319.5;8.6
565-91-4567;B;Abuja;300;Normal;Male;Health and beauty;3870.0;8;1548.0;32508.0;02/04/19;14:38;Epay;30960.0;4.7619047619999995;1548.0;6.2
499-27-7781;B;Abuja;301;Normal;Female;Food and beverages;19155.6;8;7662.240000000001;160907.04;02/04/19;16:45;Epay;153244.8;4.7619047619999995;7662.240000000001;5.0
869-11-3082;B;Abuja;302;Member;Male;Health and beauty;34617.6;4;6923.5199999999995;145393.91999999998;02/04/19;20:03;Card;138470.4;4.7619047619999995;6923.5199999999995;8.4
190-59-3964;B;Abuja;303;Member;Male;Food and beverages;16977.6;5;4244.4;89132.4;02/04/19;14:35;Card;84888.0;4.7619047619999995;4244.4;6.0
366-43-6862;B;Abuja;304;Normal;Male;Electronic accessories;19040.4;4;3808.08;79969.68000000001;02/04/19;16:32;Epay;76161.6;4.7619047619999995;3808.08;6.7
109-86-4363;B;Abuja;305;Member;Female;Sports and travel;21628.8;7;7570.080000000001;158971.68000000002;02/04/19;11:36;Card;151401.6;4.7619047619999995;7570.080000000001;4.5
222-42-0244;B;Abuja;306;Member;Female;Health and beauty;25959.6;9;11681.82;245318.21999999997;02/04/19;13:53;Card;233636.4;4.7619047619999995;11681.82;7.7
636-17-0325;B;Abuja;307;Normal;Male;Health and beauty;22525.2;4;4505.04;94605.84000000001;02/04/19;18:37;Cash;90100.8;4.7619047619999995;4505.04;9.5
343-75-9322;B;Abuja;308;Member;Female;Sports and travel;4266.0;8;1706.4;35834.4;02/04/19;16:34;Cash;34128.0;4.7619047619999995;1706.4;4.1
427-45-9297;B;Abuja;309;Member;Female;Home and lifestyle;14662.8;7;5131.98;107771.58;02/04/19;11:01;Epay;102639.6;4.7619047619999995;5131.98;5.4
670-71-7306;B;Abuja;310;Normal;Male;Sports and travel;16066.800000000001;6;4820.04;101220.84000000001;02/04/19;20:08;Card;96400.79999999999;4.7619047619999995;4820.04;5.1
291-59-1384;B;Abuja;311;Normal;Male;Electronic accessories;21708.0;1;1085.4;22793.399999999998;02/04/19;17:38;Cash;21708.0;4.7619047619999995;1085.4;6.0
866-70-2814;B;Abuja;312;Normal;Female;Electronic accessories;19004.4;10;9502.2;199546.19999999998;02/04/19;11:58;Epay;190044.0;4.7619047619999995;9502.2;10.0
895-03-6665;B;Abuja;313;Normal;Female;Fashion accessories;13143.599999999999;9;5914.62;124207.02;02/04/19;10:52;Cash;118292.4;4.7619047619999995;5914.62;4.2
770-42-8960;B;Abuja;314;Normal;Male;Food and beverages;7603.200000000001;8;3041.28;63866.88;02/04/19;19:31;Cash;60825.600000000006;4.7619047619999995;3041.28;6.3
234-36-2483;B;Abuja;315;Normal;Male;Health and beauty;20732.4;6;6219.72;130614.11999999998;02/04/19;13:51;Cash;124394.40000000001;4.7619047619999995;6219.72;5.1
152-03-4217;B;Abuja;316;Normal;Female;Home and lifestyle;4060.7999999999997;9;1827.3600000000001;38374.56;02/04/19;11:55;Card;36547.2;4.7619047619999995;1827.3600000000001;4.3
533-66-5566;B;Abuja;317;Normal;Female;Home and lifestyle;18385.2;7;6434.820000000001;135131.22;02/04/19;11:42;Cash;128696.40000000001;4.7619047619999995;6434.820000000001;7.0
361-59-0574;B;Abuja;318;Member;Male;Sports and travel;32590.8;8;13036.319999999998;273762.72;02/04/19;14:48;Card;260726.4;4.7619047619999995;13036.319999999998;6.5
544-55-9589;B;Abuja;319;Member;Female;Electronic accessories;7714.8;10;3857.4;81005.4;02/04/19;11:51;Cash;77148.0;4.7619047619999995;3857.4;6.2
608-05-3804;B;Abuja;320;Member;Male;Electronic accessories;14310.0;1;715.5;15025.499999999998;02/04/19;20:19;Cash;14310.0;4.7619047619999995;715.5;6.1
761-49-0439;B;Abuja;321;Member;Female;Electronic accessories;4356.0;8;1742.3999999999999;36590.4;02/04/19;10:17;Epay;34848.0;4.7619047619999995;1742.3999999999999;8.6
490-95-0021;B;Abuja;322;Member;Female;Food and beverages;11955.6;10;5977.8;125533.79999999999;02/04/19;14:25;Epay;119556.00000000001;4.7619047619999995;5977.8;6.0
311-13-6971;B;Abuja;323;Member;Male;Sports and travel;11516.4;10;5758.2;120922.2;02/04/19;15:18;Card;115163.99999999999;4.7619047619999995;5758.2;9.9
114-35-5271;B;Abuja;324;Normal;Female;Electronic accessories;20847.6;8;8339.04;175119.84;02/04/19;15:06;Cash;166780.8;4.7619047619999995;8339.04;8.1
715-20-1673;B;Abuja;325;Normal;Male;Electronic accessories;10216.8;5;2554.2;53638.200000000004;02/04/19;20:57;Cash;51084.0;4.7619047619999995;2554.2;9.4
811-35-1094;B;Abuja;326;Member;Male;Electronic accessories;18162.0;6;5448.6;114420.59999999999;02/04/19;15:16;Card;108972.0;4.7619047619999995;5448.6;8.9
699-88-1972;B;Abuja;327;Normal;Male;Health and beauty;35697.6;8;14279.04;299859.83999999997;02/04/19;17:47;Card;285580.8;4.7619047619999995;14279.04;4.2
509-10-0516;B;Abuja;328;Normal;Male;Home and lifestyle;16549.2;4;3309.8399999999997;69506.64;02/04/19;12:02;Epay;66196.8;4.7619047619999995;3309.8399999999997;5.1
851-98-3555;B;Abuja;329;Normal;Female;Health and beauty;29836.8;5;7459.2;156643.2;02/04/19;14:08;Card;149184.0;4.7619047619999995;7459.2;6.6
624-01-8356;B;Abuja;330;Normal;Female;Home and lifestyle;17643.6;10;8821.8;185257.80000000002;02/04/19;10:44;Card;176436.0;4.7619047619999995;8821.8;4.2
313-66-9943;B;Abuja;331;Member;Female;Food and beverages;10494.0;3;1574.1;33056.1;02/04/19;20:29;Card;31482.0;4.7619047619999995;1574.1;7.3
777-67-2495;B;Abuja;332;Normal;Male;Home and lifestyle;24829.2;3;3724.3799999999997;78211.98000000001;02/04/19;11:26;Epay;74487.6;4.7619047619999995;3724.3799999999997;8.7
636-98-3364;B;Abuja;333;Member;Female;Electronic accessories;9453.6;3;1418.04;29778.839999999997;02/04/19;12:36;Epay;28360.8;4.7619047619999995;1418.04;6.3
181-82-6255;B;Abuja;334;Normal;Female;Home and lifestyle;5893.200000000001;6;1767.9600000000003;37127.16;02/04/19;10:58;Cash;35359.2;4.7619047619999995;1767.9600000000003;7.0
226-34-0034;B;Abuja;335;Normal;Female;Electronic accessories;4960.8;4;992.1600000000001;20835.36;02/04/19;11:10;Epay;19843.2;4.7619047619999995;992.1600000000001;9.0
321-49-7382;B;Abuja;336;Member;Male;Sports and travel;31791.600000000002;1;1589.58;33381.18;02/04/19;17:38;Card;31791.600000000002;4.7619047619999995;1589.58;5.2
431-66-2305;B;Abuja;337;Normal;Female;Electronic accessories;31770.0;9;14296.5;300226.5;02/04/19;20:51;Card;285930.0;4.7619047619999995;14296.5;7.6
825-94-5922;B;Abuja;338;Normal;Male;Sports and travel;9111.6;2;911.1600000000001;19134.36;02/04/19;19:26;Epay;18223.2;4.7619047619999995;911.1600000000001;7.2
641-62-7288;B;Abuja;339;Normal;Male;Home and lifestyle;35971.2;6;10791.36;226618.56;02/04/19;13:33;Epay;215827.19999999998;4.7619047619999995;10791.36;7.1
501-61-1753;B;Abuja;340;Normal;Female;Home and lifestyle;22734.0;6;6820.2;143224.2;02/04/19;20:24;Epay;136404.0;4.7619047619999995;6820.2;9.8
676-10-2200;B;Abuja;341;Member;Male;Fashion accessories;19360.8;1;968.0399999999998;20328.839999999997;02/04/19;20:13;Epay;19360.8;4.7619047619999995;968.0399999999998;4.7
365-16-4334;B;Abuja;342;Normal;Female;Food and beverages;9514.8;8;3805.9200000000005;79924.32;02/04/19;14:26;Epay;76118.4;4.7619047619999995;3805.9200000000005;8.9
503-21-4385;B;Abuja;343;Member;Male;Health and beauty;14367.599999999999;3;2155.1400000000003;45257.94;02/04/19;12:40;Epay;43102.8;4.7619047619999995;2155.1400000000003;9.3
305-89-2768;B;Abuja;344;Member;Female;Home and lifestyle;7883.999999999999;3;1182.6000000000001;24834.6;02/04/19;18:43;Epay;23652.0;4.7619047619999995;1182.6000000000001;4.7
574-80-1489;B;Abuja;345;Member;Female;Food and beverages;22626.0;4;4525.2;95029.20000000001;02/04/19;13:22;Epay;90504.0;4.7619047619999995;4525.2;8.7
200-40-6154;B;Abuja;346;Member;Male;Home and lifestyle;23727.6;6;7118.28;149483.88;02/04/19;11:45;Cash;142365.6;4.7619047619999995;7118.28;5.7
430-02-3888;B;Abuja;347;Normal;Male;Electronic accessories;16567.2;6;4970.16;104373.36;02/04/19;15:55;Cash;99403.2;4.7619047619999995;4970.16;7.1
794-42-3736;B;Abuja;348;Normal;Male;Food and beverages;11998.8;2;1199.88;25197.48;02/04/19;14:41;Card;23997.6;4.7619047619999995;1199.88;6.4
172-42-8274;B;Abuja;349;Normal;Female;Electronic accessories;13777.2;2;1377.72;28932.120000000003;02/04/19;18:18;Card;27554.4;4.7619047619999995;1377.72;5.8
214-30-2776;B;Abuja;350;Member;Female;Electronic accessories;12416.400000000001;5;3104.1000000000004;65186.1;02/04/19;19:44;Card;62081.99999999999;4.7619047619999995;3104.1000000000004;9.0
746-04-1077;B;Abuja;351;Member;Female;Food and beverages;30466.8;10;15233.4;319901.4;02/04/19;11:36;Card;304668.0;4.7619047619999995;15233.4;9.0
448-34-8700;B;Abuja;352;Member;Male;Home and lifestyle;13287.599999999999;7;4650.66;97663.86;02/04/19;13:51;Epay;93013.2;4.7619047619999995;4650.66;6.7
452-04-8808;B;Abuja;353;Normal;Male;Electronic accessories;31348.8;7;10972.08;230413.68;02/04/19;15:17;Cash;219441.59999999998;4.7619047619999995;10972.08;5.5
883-69-1285;B;Abuja;354;Member;Male;Fashion accessories;17971.2;2;1797.12;37739.520000000004;02/04/19;11:55;Card;35942.4;4.7619047619999995;1797.12;7.0
518-71-6847;B;Abuja;355;Member;Male;Food and beverages;9576.0;6;2872.8;60328.8;02/04/19;15:10;Epay;57456.0;4.7619047619999995;2872.8;4.9
156-20-0370;B;Abuja;356;Normal;Female;Electronic accessories;9162.0;1;458.09999999999997;9620.1;02/04/19;18:10;Card;9162.0;4.7619047619999995;458.09999999999997;5.1
151-33-7434;B;Abuja;357;Normal;Female;Food and beverages;24397.199999999997;1;1219.8600000000001;25617.06;02/04/19;20:43;Card;24397.199999999997;4.7619047619999995;1219.8600000000001;6.5
374-38-5555;B;Abuja;358;Normal;Female;Fashion accessories;22935.6;5;5733.9;120411.90000000001;02/04/19;19:30;Epay;114678.0;4.7619047619999995;5733.9;8.5
764-44-8999;B;Abuja;359;Normal;Female;Health and beauty;5313.6;2;531.36;11158.56;02/04/19;14:42;Epay;10627.2;4.7619047619999995;531.36;4.3
552-44-5977;B;Abuja;360;Member;Male;Health and beauty;22320.0;8;8928.0;187487.99999999997;02/04/19;19:08;Card;178560.0;4.7619047619999995;8928.0;6.2
430-53-4718;B;Abuja;361;Member;Male;Health and beauty;27133.2;8;10853.28;227918.88000000003;02/04/19;15:46;Card;217065.6;4.7619047619999995;10853.28;8.4
602-16-6955;B;Abuja;362;Normal;Female;Sports and travel;27575.999999999996;10;13787.999999999998;289548.0;02/04/19;18:10;Epay;275760.0;4.7619047619999995;13787.999999999998;6.0
690-01-6631;B;Abuja;363;Normal;Male;Fashion accessories;6296.4;10;3148.2;66112.2;02/04/19;18:35;Epay;62964.0;4.7619047619999995;3148.2;6.6
303-96-2227;B;Abuja;364;Normal;Female;Home and lifestyle;35056.799999999996;10;17528.399999999998;368096.4;02/04/19;17:16;Epay;350568.0;4.7619047619999995;17528.399999999998;4.4